[
  {
    "model": "admin.logentry",
    "pk": 1,
    "fields": {
      "action_time": "2023-12-20T19:13:44.208Z",
      "user": 2,
      "content_type": 6,
      "object_id": "3",
      "object_repr": "jasonsmith@gmail.com",
      "action_flag": 1,
      "change_message": "[{\"added\": {}}]"
    }
  },
  {
    "model": "admin.logentry",
    "pk": 2,
    "fields": {
      "action_time": "2023-12-20T19:15:31.716Z",
      "user": 2,
      "content_type": 9,
      "object_id": "2",
      "object_repr": "jasonsmith@gmail.com",
      "action_flag": 1,
      "change_message": "[{\"added\": {}}]"
    }
  },
  {
    "model": "admin.logentry",
    "pk": 3,
    "fields": {
      "action_time": "2023-12-20T19:22:38.477Z",
      "user": 2,
      "content_type": 9,
      "object_id": "2",
      "object_repr": "jasonsmith@gmail.com",
      "action_flag": 2,
      "change_message": "[{\"changed\": {\"fields\": [\"Current latitude\", \"Current longitude\"]}}]"
    }
  },
  {
    "model": "admin.logentry",
    "pk": 4,
    "fields": {
      "action_time": "2023-12-20T19:33:04.195Z",
      "user": 2,
      "content_type": 6,
      "object_id": "1",
      "object_repr": "ethan123@gmail.com",
      "action_flag": 2,
      "change_message": "[{\"changed\": {\"fields\": [\"Is verified\"]}}]"
    }
  },
  {
    "model": "admin.logentry",
    "pk": 5,
    "fields": {
      "action_time": "2023-12-20T19:34:35.650Z",
      "user": 2,
      "content_type": 9,
      "object_id": "1",
      "object_repr": "ethan123@gmail.com",
      "action_flag": 2,
      "change_message": "[{\"changed\": {\"fields\": [\"Vehicle registration number\", \"Min capacity\", \"Max capacity\", \"Charge per mile\", \"Current latitude\", \"Current longitude\"]}}]"
    }
  },
  {
    "model": "admin.logentry",
    "pk": 6,
    "fields": {
      "action_time": "2023-12-20T21:53:52.957Z",
      "user": 2,
      "content_type": 9,
      "object_id": "1",
      "object_repr": "ethan123@gmail.com",
      "action_flag": 2,
      "change_message": "[{\"changed\": {\"fields\": [\"Current latitude\"]}}]"
    }
  },
  {
    "model": "admin.logentry",
    "pk": 7,
    "fields": {
      "action_time": "2023-12-20T21:59:41.665Z",
      "user": 2,
      "content_type": 9,
      "object_id": "1",
      "object_repr": "ethan123@gmail.com",
      "action_flag": 2,
      "change_message": "[]"
    }
  },
  {
    "model": "admin.logentry",
    "pk": 8,
    "fields": {
      "action_time": "2023-12-20T22:59:28.079Z",
      "user": 2,
      "content_type": 9,
      "object_id": "1",
      "object_repr": "ethan123@gmail.com",
      "action_flag": 2,
      "change_message": "[{\"changed\": {\"fields\": [\"Min capacity\", \"Max capacity\", \"Charge per mile\", \"Current latitude\", \"Current longitude\"]}}]"
    }
  },
  {
    "model": "admin.logentry",
    "pk": 9,
    "fields": {
      "action_time": "2023-12-21T05:14:37.342Z",
      "user": 2,
      "content_type": 6,
      "object_id": "4",
      "object_repr": "temiadams@gmail.com",
      "action_flag": 2,
      "change_message": "[{\"changed\": {\"fields\": [\"Is verified\"]}}]"
    }
  },
  {
    "model": "admin.logentry",
    "pk": 10,
    "fields": {
      "action_time": "2023-12-21T05:16:36.135Z",
      "user": 2,
      "content_type": 9,
      "object_id": "3",
      "object_repr": "temiadams@gmail.com",
      "action_flag": 2,
      "change_message": "[{\"changed\": {\"fields\": [\"Vehicle registration number\", \"Min capacity\", \"Max capacity\", \"Charge per mile\", \"Current latitude\", \"Current longitude\"]}}]"
    }
  },
  {
    "model": "admin.logentry",
    "pk": 11,
    "fields": {
      "action_time": "2023-12-21T05:19:56.375Z",
      "user": 2,
      "content_type": 6,
      "object_id": "5",
      "object_repr": "yinkaolaleye@gmail.com",
      "action_flag": 2,
      "change_message": "[{\"changed\": {\"fields\": [\"Is verified\"]}}]"
    }
  },
  {
    "model": "admin.logentry",
    "pk": 12,
    "fields": {
      "action_time": "2023-12-21T05:21:21.678Z",
      "user": 2,
      "content_type": 9,
      "object_id": "4",
      "object_repr": "yinkaolaleye@gmail.com",
      "action_flag": 2,
      "change_message": "[{\"changed\": {\"fields\": [\"Vehicle registration number\", \"Min capacity\", \"Max capacity\", \"Charge per mile\", \"Current latitude\", \"Current longitude\"]}}]"
    }
  },
  {
    "model": "admin.logentry",
    "pk": 13,
    "fields": {
      "action_time": "2023-12-21T05:24:15.951Z",
      "user": 2,
      "content_type": 9,
      "object_id": "6",
      "object_repr": "jamesthompson@gmail.com",
      "action_flag": 2,
      "change_message": "[{\"changed\": {\"fields\": [\"Vehicle registration number\", \"Min capacity\", \"Max capacity\", \"Charge per mile\", \"Current latitude\", \"Current longitude\"]}}]"
    }
  },
  {
    "model": "admin.logentry",
    "pk": 14,
    "fields": {
      "action_time": "2023-12-21T05:26:57.267Z",
      "user": 2,
      "content_type": 9,
      "object_id": "7",
      "object_repr": "olusholaitunu@gmail.com",
      "action_flag": 2,
      "change_message": "[{\"changed\": {\"fields\": [\"Vehicle registration number\", \"Min capacity\", \"Max capacity\", \"Charge per mile\", \"Current latitude\", \"Current longitude\"]}}]"
    }
  },
  {
    "model": "admin.logentry",
    "pk": 15,
    "fields": {
      "action_time": "2023-12-21T05:27:08.554Z",
      "user": 2,
      "content_type": 6,
      "object_id": "8",
      "object_repr": "olusholaitunu@gmail.com",
      "action_flag": 2,
      "change_message": "[{\"changed\": {\"fields\": [\"Is verified\"]}}]"
    }
  },
  {
    "model": "admin.logentry",
    "pk": 16,
    "fields": {
      "action_time": "2023-12-21T05:28:56.253Z",
      "user": 2,
      "content_type": 6,
      "object_id": "9",
      "object_repr": "hafizolaniyi@gmail.com",
      "action_flag": 2,
      "change_message": "[{\"changed\": {\"fields\": [\"Is verified\"]}}]"
    }
  },
  {
    "model": "admin.logentry",
    "pk": 17,
    "fields": {
      "action_time": "2023-12-21T05:30:10.849Z",
      "user": 2,
      "content_type": 9,
      "object_id": "8",
      "object_repr": "hafizolaniyi@gmail.com",
      "action_flag": 2,
      "change_message": "[{\"changed\": {\"fields\": [\"Vehicle registration number\", \"Min capacity\", \"Max capacity\", \"Charge per mile\", \"Current latitude\", \"Current longitude\"]}}]"
    }
  },
  {
    "model": "admin.logentry",
    "pk": 18,
    "fields": {
      "action_time": "2023-12-21T05:33:47.797Z",
      "user": 2,
      "content_type": 9,
      "object_id": "9",
      "object_repr": "ibrahimadenuga@gmail.com",
      "action_flag": 2,
      "change_message": "[{\"changed\": {\"fields\": [\"Vehicle registration number\", \"Min capacity\", \"Max capacity\", \"Charge per mile\", \"Current latitude\", \"Current longitude\"]}}]"
    }
  },
  {
    "model": "admin.logentry",
    "pk": 19,
    "fields": {
      "action_time": "2023-12-21T05:34:02.987Z",
      "user": 2,
      "content_type": 6,
      "object_id": "10",
      "object_repr": "ibrahimadenuga@gmail.com",
      "action_flag": 2,
      "change_message": "[{\"changed\": {\"fields\": [\"Is verified\"]}}]"
    }
  },
  {
    "model": "admin.logentry",
    "pk": 20,
    "fields": {
      "action_time": "2023-12-21T05:45:27.966Z",
      "user": 2,
      "content_type": 6,
      "object_id": "11",
      "object_repr": "temiptopelawal@gmail.com",
      "action_flag": 2,
      "change_message": "[{\"changed\": {\"fields\": [\"Is verified\"]}}]"
    }
  },
  {
    "model": "admin.logentry",
    "pk": 21,
    "fields": {
      "action_time": "2023-12-21T05:46:41.857Z",
      "user": 2,
      "content_type": 9,
      "object_id": "10",
      "object_repr": "temiptopelawal@gmail.com",
      "action_flag": 2,
      "change_message": "[{\"changed\": {\"fields\": [\"Vehicle registration number\", \"Min capacity\", \"Max capacity\", \"Charge per mile\", \"Current latitude\", \"Current longitude\"]}}]"
    }
  },
  {
    "model": "admin.logentry",
    "pk": 22,
    "fields": {
      "action_time": "2023-12-21T05:49:52.266Z",
      "user": 2,
      "content_type": 9,
      "object_id": "11",
      "object_repr": "gabrieledema@gmail.com",
      "action_flag": 2,
      "change_message": "[{\"changed\": {\"fields\": [\"Vehicle registration number\", \"Min capacity\", \"Max capacity\", \"Charge per mile\", \"Current latitude\", \"Current longitude\"]}}]"
    }
  },
  {
    "model": "admin.logentry",
    "pk": 23,
    "fields": {
      "action_time": "2023-12-21T05:50:12.790Z",
      "user": 2,
      "content_type": 6,
      "object_id": "12",
      "object_repr": "gabrieledema@gmail.com",
      "action_flag": 2,
      "change_message": "[{\"changed\": {\"fields\": [\"Is verified\"]}}]"
    }
  },
  {
    "model": "admin.logentry",
    "pk": 24,
    "fields": {
      "action_time": "2023-12-21T05:52:08.444Z",
      "user": 2,
      "content_type": 6,
      "object_id": "13",
      "object_repr": "jonathanrice2@gmail.com",
      "action_flag": 2,
      "change_message": "[{\"changed\": {\"fields\": [\"Is verified\"]}}]"
    }
  },
  {
    "model": "admin.logentry",
    "pk": 25,
    "fields": {
      "action_time": "2023-12-24T11:40:01.156Z",
      "user": 2,
      "content_type": 9,
      "object_id": "12",
      "object_repr": "mohammedfaruq@gmail.com",
      "action_flag": 2,
      "change_message": "[{\"changed\": {\"fields\": [\"Vehicle registration number\", \"Min capacity\", \"Max capacity\", \"Charge per mile\"]}}]"
    }
  },
  {
    "model": "admin.logentry",
    "pk": 26,
    "fields": {
      "action_time": "2023-12-24T19:00:49.431Z",
      "user": 2,
      "content_type": 9,
      "object_id": "12",
      "object_repr": "mohammedfaruq@gmail.com",
      "action_flag": 2,
      "change_message": "[{\"changed\": {\"fields\": [\"Current latitude\", \"Current longitude\"]}}]"
    }
  },
  {
    "model": "admin.logentry",
    "pk": 27,
    "fields": {
      "action_time": "2023-12-24T19:01:24.422Z",
      "user": 2,
      "content_type": 9,
      "object_id": "18",
      "object_repr": "faruqmohammad@gmail.com",
      "action_flag": 2,
      "change_message": "[{\"changed\": {\"fields\": [\"Current latitude\", \"Current longitude\"]}}]"
    }
  },
  {
    "model": "admin.logentry",
    "pk": 28,
    "fields": {
      "action_time": "2023-12-24T19:02:16.540Z",
      "user": 2,
      "content_type": 9,
      "object_id": "20",
      "object_repr": "isaqassim@gmail.com",
      "action_flag": 2,
      "change_message": "[{\"changed\": {\"fields\": [\"Current latitude\", \"Current longitude\"]}}]"
    }
  },
  {
    "model": "admin.logentry",
    "pk": 29,
    "fields": {
      "action_time": "2023-12-24T19:03:05.943Z",
      "user": 2,
      "content_type": 9,
      "object_id": "21",
      "object_repr": "jonathaligbe@gmail.com",
      "action_flag": 2,
      "change_message": "[{\"changed\": {\"fields\": [\"Current latitude\", \"Current longitude\"]}}]"
    }
  },
  {
    "model": "admin.logentry",
    "pk": 30,
    "fields": {
      "action_time": "2023-12-24T19:04:00.521Z",
      "user": 2,
      "content_type": 9,
      "object_id": "22",
      "object_repr": "tomiwalawal@gmail.com",
      "action_flag": 2,
      "change_message": "[{\"changed\": {\"fields\": [\"Current latitude\", \"Current longitude\"]}}]"
    }
  },
  {
    "model": "admin.logentry",
    "pk": 31,
    "fields": {
      "action_time": "2023-12-24T19:06:16.142Z",
      "user": 2,
      "content_type": 9,
      "object_id": "23",
      "object_repr": "segunadegoke@gmail.com",
      "action_flag": 2,
      "change_message": "[{\"changed\": {\"fields\": [\"Current latitude\", \"Current longitude\"]}}]"
    }
  },
  {
    "model": "admin.logentry",
    "pk": 32,
    "fields": {
      "action_time": "2023-12-24T19:06:49.025Z",
      "user": 2,
      "content_type": 9,
      "object_id": "24",
      "object_repr": "femiadegoke@gmail.com",
      "action_flag": 2,
      "change_message": "[{\"changed\": {\"fields\": [\"Current latitude\", \"Current longitude\"]}}]"
    }
  },
  {
    "model": "admin.logentry",
    "pk": 33,
    "fields": {
      "action_time": "2023-12-24T19:07:34.283Z",
      "user": 2,
      "content_type": 9,
      "object_id": "25",
      "object_repr": "mayowalawal@gmail.com",
      "action_flag": 2,
      "change_message": "[{\"changed\": {\"fields\": [\"Current latitude\", \"Current longitude\"]}}]"
    }
  },
  {
    "model": "admin.logentry",
    "pk": 34,
    "fields": {
      "action_time": "2023-12-24T19:22:57.110Z",
      "user": 2,
      "content_type": 9,
      "object_id": "2",
      "object_repr": "jasonsmith@gmail.com",
      "action_flag": 2,
      "change_message": "[{\"changed\": {\"fields\": [\"Current latitude\", \"Current longitude\"]}}]"
    }
  },
  {
    "model": "admin.logentry",
    "pk": 35,
    "fields": {
      "action_time": "2023-12-27T23:03:52.804Z",
      "user": 2,
      "content_type": 9,
      "object_id": "25",
      "object_repr": "mayowalawal@gmail.com",
      "action_flag": 2,
      "change_message": "[{\"changed\": {\"fields\": [\"Min capacity\", \"Max capacity\", \"Charge per mile\"]}}]"
    }
  },
  {
    "model": "admin.logentry",
    "pk": 36,
    "fields": {
      "action_time": "2023-12-27T23:04:08.710Z",
      "user": 2,
      "content_type": 9,
      "object_id": "24",
      "object_repr": "femiadegoke@gmail.com",
      "action_flag": 2,
      "change_message": "[{\"changed\": {\"fields\": [\"Min capacity\", \"Max capacity\", \"Charge per mile\"]}}]"
    }
  },
  {
    "model": "admin.logentry",
    "pk": 37,
    "fields": {
      "action_time": "2023-12-27T23:04:21.025Z",
      "user": 2,
      "content_type": 9,
      "object_id": "23",
      "object_repr": "segunadegoke@gmail.com",
      "action_flag": 2,
      "change_message": "[{\"changed\": {\"fields\": [\"Min capacity\", \"Max capacity\", \"Charge per mile\"]}}]"
    }
  },
  {
    "model": "admin.logentry",
    "pk": 38,
    "fields": {
      "action_time": "2023-12-27T23:04:42.032Z",
      "user": 2,
      "content_type": 9,
      "object_id": "22",
      "object_repr": "tomiwalawal@gmail.com",
      "action_flag": 2,
      "change_message": "[]"
    }
  },
  {
    "model": "admin.logentry",
    "pk": 39,
    "fields": {
      "action_time": "2023-12-27T23:04:57.956Z",
      "user": 2,
      "content_type": 9,
      "object_id": "21",
      "object_repr": "jonathaligbe@gmail.com",
      "action_flag": 2,
      "change_message": "[{\"changed\": {\"fields\": [\"Min capacity\", \"Max capacity\", \"Charge per mile\"]}}]"
    }
  },
  {
    "model": "admin.logentry",
    "pk": 40,
    "fields": {
      "action_time": "2023-12-27T23:05:15.933Z",
      "user": 2,
      "content_type": 9,
      "object_id": "20",
      "object_repr": "isaqassim@gmail.com",
      "action_flag": 2,
      "change_message": "[{\"changed\": {\"fields\": [\"Min capacity\", \"Max capacity\", \"Charge per mile\"]}}]"
    }
  },
  {
    "model": "admin.logentry",
    "pk": 41,
    "fields": {
      "action_time": "2023-12-27T23:05:31.358Z",
      "user": 2,
      "content_type": 9,
      "object_id": "18",
      "object_repr": "faruqmohammad@gmail.com",
      "action_flag": 2,
      "change_message": "[{\"changed\": {\"fields\": [\"Min capacity\", \"Max capacity\", \"Charge per mile\"]}}]"
    }
  },
  {
    "model": "admin.logentry",
    "pk": 42,
    "fields": {
      "action_time": "2023-12-27T23:05:52.127Z",
      "user": 2,
      "content_type": 9,
      "object_id": "12",
      "object_repr": "mohammedfaruq@gmail.com",
      "action_flag": 2,
      "change_message": "[{\"changed\": {\"fields\": [\"Min capacity\", \"Max capacity\", \"Charge per mile\"]}}]"
    }
  },
  {
    "model": "admin.logentry",
    "pk": 43,
    "fields": {
      "action_time": "2023-12-27T23:06:08.913Z",
      "user": 2,
      "content_type": 9,
      "object_id": "11",
      "object_repr": "gabrieledema@gmail.com",
      "action_flag": 2,
      "change_message": "[{\"changed\": {\"fields\": [\"Min capacity\", \"Max capacity\", \"Charge per mile\"]}}]"
    }
  },
  {
    "model": "admin.logentry",
    "pk": 44,
    "fields": {
      "action_time": "2023-12-27T23:06:27.490Z",
      "user": 2,
      "content_type": 9,
      "object_id": "10",
      "object_repr": "temiptopelawal@gmail.com",
      "action_flag": 2,
      "change_message": "[{\"changed\": {\"fields\": [\"Min capacity\", \"Max capacity\", \"Charge per mile\"]}}]"
    }
  },
  {
    "model": "admin.logentry",
    "pk": 45,
    "fields": {
      "action_time": "2023-12-27T23:06:42.033Z",
      "user": 2,
      "content_type": 9,
      "object_id": "9",
      "object_repr": "ibrahimadenuga@gmail.com",
      "action_flag": 2,
      "change_message": "[{\"changed\": {\"fields\": [\"Min capacity\", \"Max capacity\", \"Charge per mile\"]}}]"
    }
  },
  {
    "model": "admin.logentry",
    "pk": 46,
    "fields": {
      "action_time": "2023-12-27T23:06:56.245Z",
      "user": 2,
      "content_type": 9,
      "object_id": "8",
      "object_repr": "hafizolaniyi@gmail.com",
      "action_flag": 2,
      "change_message": "[{\"changed\": {\"fields\": [\"Min capacity\", \"Max capacity\", \"Charge per mile\"]}}]"
    }
  },
  {
    "model": "admin.logentry",
    "pk": 47,
    "fields": {
      "action_time": "2023-12-27T23:07:20.452Z",
      "user": 2,
      "content_type": 9,
      "object_id": "7",
      "object_repr": "olusholaitunu@gmail.com",
      "action_flag": 2,
      "change_message": "[{\"changed\": {\"fields\": [\"Min capacity\", \"Max capacity\", \"Charge per mile\"]}}]"
    }
  },
  {
    "model": "admin.logentry",
    "pk": 48,
    "fields": {
      "action_time": "2023-12-27T23:07:35.847Z",
      "user": 2,
      "content_type": 9,
      "object_id": "6",
      "object_repr": "jamesthompson@gmail.com",
      "action_flag": 2,
      "change_message": "[{\"changed\": {\"fields\": [\"Min capacity\", \"Max capacity\", \"Charge per mile\"]}}]"
    }
  },
  {
    "model": "admin.logentry",
    "pk": 49,
    "fields": {
      "action_time": "2023-12-27T23:07:56.956Z",
      "user": 2,
      "content_type": 9,
      "object_id": "4",
      "object_repr": "yinkaolaleye@gmail.com",
      "action_flag": 2,
      "change_message": "[{\"changed\": {\"fields\": [\"Min capacity\", \"Max capacity\", \"Charge per mile\"]}}]"
    }
  },
  {
    "model": "admin.logentry",
    "pk": 50,
    "fields": {
      "action_time": "2023-12-27T23:08:17.973Z",
      "user": 2,
      "content_type": 9,
      "object_id": "3",
      "object_repr": "temiadams@gmail.com",
      "action_flag": 2,
      "change_message": "[{\"changed\": {\"fields\": [\"Min capacity\", \"Max capacity\", \"Charge per mile\"]}}]"
    }
  },
  {
    "model": "admin.logentry",
    "pk": 51,
    "fields": {
      "action_time": "2023-12-27T23:08:34.812Z",
      "user": 2,
      "content_type": 9,
      "object_id": "2",
      "object_repr": "jasonsmith@gmail.com",
      "action_flag": 2,
      "change_message": "[{\"changed\": {\"fields\": [\"Min capacity\", \"Max capacity\", \"Charge per mile\"]}}]"
    }
  },
  {
    "model": "admin.logentry",
    "pk": 52,
    "fields": {
      "action_time": "2023-12-27T23:08:50.197Z",
      "user": 2,
      "content_type": 9,
      "object_id": "1",
      "object_repr": "ethan123@gmail.com",
      "action_flag": 2,
      "change_message": "[{\"changed\": {\"fields\": [\"Min capacity\", \"Max capacity\", \"Charge per mile\"]}}]"
    }
  },
  {
    "model": "admin.logentry",
    "pk": 53,
    "fields": {
      "action_time": "2024-02-24T19:06:16.958Z",
      "user": 2,
      "content_type": 6,
      "object_id": "42",
      "object_repr": "rdiwanali@gmail.com",
      "action_flag": 2,
      "change_message": "[{\"changed\": {\"fields\": [\"Is verified\"]}}]"
    }
  },
  {
    "model": "admin.logentry",
    "pk": 54,
    "fields": {
      "action_time": "2024-02-24T19:06:27.231Z",
      "user": 2,
      "content_type": 6,
      "object_id": "39",
      "object_repr": "ibrahimbabatunde@gmail.com",
      "action_flag": 2,
      "change_message": "[{\"changed\": {\"fields\": [\"Is verified\"]}}]"
    }
  },
  {
    "model": "admin.logentry",
    "pk": 55,
    "fields": {
      "action_time": "2024-02-24T19:06:35.033Z",
      "user": 2,
      "content_type": 6,
      "object_id": "38",
      "object_repr": "samuelajayi@gmail.com",
      "action_flag": 2,
      "change_message": "[{\"changed\": {\"fields\": [\"Is verified\"]}}]"
    }
  },
  {
    "model": "admin.logentry",
    "pk": 56,
    "fields": {
      "action_time": "2024-02-24T19:07:17.366Z",
      "user": 2,
      "content_type": 6,
      "object_id": "36",
      "object_repr": "moyomartins@gmail.com",
      "action_flag": 2,
      "change_message": "[{\"changed\": {\"fields\": [\"Is verified\"]}}]"
    }
  },
  {
    "model": "admin.logentry",
    "pk": 57,
    "fields": {
      "action_time": "2024-02-24T19:07:29.648Z",
      "user": 2,
      "content_type": 6,
      "object_id": "37",
      "object_repr": "adegokesamuel@gmail.com",
      "action_flag": 2,
      "change_message": "[{\"changed\": {\"fields\": [\"Is verified\"]}}]"
    }
  },
  {
    "model": "admin.logentry",
    "pk": 58,
    "fields": {
      "action_time": "2024-02-25T02:49:35.041Z",
      "user": 2,
      "content_type": 10,
      "object_id": "2",
      "object_repr": "Order 2 - PendingPickup",
      "action_flag": 3,
      "change_message": ""
    }
  },
  {
    "model": "auth.permission",
    "pk": 1,
    "fields": {
      "name": "Can add log entry",
      "content_type": 1,
      "codename": "add_logentry"
    }
  },
  {
    "model": "auth.permission",
    "pk": 2,
    "fields": {
      "name": "Can change log entry",
      "content_type": 1,
      "codename": "change_logentry"
    }
  },
  {
    "model": "auth.permission",
    "pk": 3,
    "fields": {
      "name": "Can delete log entry",
      "content_type": 1,
      "codename": "delete_logentry"
    }
  },
  {
    "model": "auth.permission",
    "pk": 4,
    "fields": {
      "name": "Can view log entry",
      "content_type": 1,
      "codename": "view_logentry"
    }
  },
  {
    "model": "auth.permission",
    "pk": 5,
    "fields": {
      "name": "Can add permission",
      "content_type": 2,
      "codename": "add_permission"
    }
  },
  {
    "model": "auth.permission",
    "pk": 6,
    "fields": {
      "name": "Can change permission",
      "content_type": 2,
      "codename": "change_permission"
    }
  },
  {
    "model": "auth.permission",
    "pk": 7,
    "fields": {
      "name": "Can delete permission",
      "content_type": 2,
      "codename": "delete_permission"
    }
  },
  {
    "model": "auth.permission",
    "pk": 8,
    "fields": {
      "name": "Can view permission",
      "content_type": 2,
      "codename": "view_permission"
    }
  },
  {
    "model": "auth.permission",
    "pk": 9,
    "fields": {
      "name": "Can add group",
      "content_type": 3,
      "codename": "add_group"
    }
  },
  {
    "model": "auth.permission",
    "pk": 10,
    "fields": {
      "name": "Can change group",
      "content_type": 3,
      "codename": "change_group"
    }
  },
  {
    "model": "auth.permission",
    "pk": 11,
    "fields": {
      "name": "Can delete group",
      "content_type": 3,
      "codename": "delete_group"
    }
  },
  {
    "model": "auth.permission",
    "pk": 12,
    "fields": {
      "name": "Can view group",
      "content_type": 3,
      "codename": "view_group"
    }
  },
  {
    "model": "auth.permission",
    "pk": 13,
    "fields": {
      "name": "Can add content type",
      "content_type": 4,
      "codename": "add_contenttype"
    }
  },
  {
    "model": "auth.permission",
    "pk": 14,
    "fields": {
      "name": "Can change content type",
      "content_type": 4,
      "codename": "change_contenttype"
    }
  },
  {
    "model": "auth.permission",
    "pk": 15,
    "fields": {
      "name": "Can delete content type",
      "content_type": 4,
      "codename": "delete_contenttype"
    }
  },
  {
    "model": "auth.permission",
    "pk": 16,
    "fields": {
      "name": "Can view content type",
      "content_type": 4,
      "codename": "view_contenttype"
    }
  },
  {
    "model": "auth.permission",
    "pk": 17,
    "fields": {
      "name": "Can add session",
      "content_type": 5,
      "codename": "add_session"
    }
  },
  {
    "model": "auth.permission",
    "pk": 18,
    "fields": {
      "name": "Can change session",
      "content_type": 5,
      "codename": "change_session"
    }
  },
  {
    "model": "auth.permission",
    "pk": 19,
    "fields": {
      "name": "Can delete session",
      "content_type": 5,
      "codename": "delete_session"
    }
  },
  {
    "model": "auth.permission",
    "pk": 20,
    "fields": {
      "name": "Can view session",
      "content_type": 5,
      "codename": "view_session"
    }
  },
  {
    "model": "auth.permission",
    "pk": 21,
    "fields": {
      "name": "Can add custom user",
      "content_type": 6,
      "codename": "add_customuser"
    }
  },
  {
    "model": "auth.permission",
    "pk": 22,
    "fields": {
      "name": "Can change custom user",
      "content_type": 6,
      "codename": "change_customuser"
    }
  },
  {
    "model": "auth.permission",
    "pk": 23,
    "fields": {
      "name": "Can delete custom user",
      "content_type": 6,
      "codename": "delete_customuser"
    }
  },
  {
    "model": "auth.permission",
    "pk": 24,
    "fields": {
      "name": "Can view custom user",
      "content_type": 6,
      "codename": "view_customuser"
    }
  },
  {
    "model": "auth.permission",
    "pk": 25,
    "fields": {
      "name": "Can add user verification",
      "content_type": 7,
      "codename": "add_userverification"
    }
  },
  {
    "model": "auth.permission",
    "pk": 26,
    "fields": {
      "name": "Can change user verification",
      "content_type": 7,
      "codename": "change_userverification"
    }
  },
  {
    "model": "auth.permission",
    "pk": 27,
    "fields": {
      "name": "Can delete user verification",
      "content_type": 7,
      "codename": "delete_userverification"
    }
  },
  {
    "model": "auth.permission",
    "pk": 28,
    "fields": {
      "name": "Can view user verification",
      "content_type": 7,
      "codename": "view_userverification"
    }
  },
  {
    "model": "auth.permission",
    "pk": 29,
    "fields": {
      "name": "Can add customer",
      "content_type": 8,
      "codename": "add_customer"
    }
  },
  {
    "model": "auth.permission",
    "pk": 30,
    "fields": {
      "name": "Can change customer",
      "content_type": 8,
      "codename": "change_customer"
    }
  },
  {
    "model": "auth.permission",
    "pk": 31,
    "fields": {
      "name": "Can delete customer",
      "content_type": 8,
      "codename": "delete_customer"
    }
  },
  {
    "model": "auth.permission",
    "pk": 32,
    "fields": {
      "name": "Can view customer",
      "content_type": 8,
      "codename": "view_customer"
    }
  },
  {
    "model": "auth.permission",
    "pk": 33,
    "fields": {
      "name": "Can add rider",
      "content_type": 9,
      "codename": "add_rider"
    }
  },
  {
    "model": "auth.permission",
    "pk": 34,
    "fields": {
      "name": "Can change rider",
      "content_type": 9,
      "codename": "change_rider"
    }
  },
  {
    "model": "auth.permission",
    "pk": 35,
    "fields": {
      "name": "Can delete rider",
      "content_type": 9,
      "codename": "delete_rider"
    }
  },
  {
    "model": "auth.permission",
    "pk": 36,
    "fields": {
      "name": "Can view rider",
      "content_type": 9,
      "codename": "view_rider"
    }
  },
  {
    "model": "auth.permission",
    "pk": 37,
    "fields": {
      "name": "Can add order",
      "content_type": 10,
      "codename": "add_order"
    }
  },
  {
    "model": "auth.permission",
    "pk": 38,
    "fields": {
      "name": "Can change order",
      "content_type": 10,
      "codename": "change_order"
    }
  },
  {
    "model": "auth.permission",
    "pk": 39,
    "fields": {
      "name": "Can delete order",
      "content_type": 10,
      "codename": "delete_order"
    }
  },
  {
    "model": "auth.permission",
    "pk": 40,
    "fields": {
      "name": "Can view order",
      "content_type": 10,
      "codename": "view_order"
    }
  },
  {
    "model": "auth.permission",
    "pk": 41,
    "fields": {
      "name": "Can add map client manager",
      "content_type": 11,
      "codename": "add_mapclientmanager"
    }
  },
  {
    "model": "auth.permission",
    "pk": 42,
    "fields": {
      "name": "Can change map client manager",
      "content_type": 11,
      "codename": "change_mapclientmanager"
    }
  },
  {
    "model": "auth.permission",
    "pk": 43,
    "fields": {
      "name": "Can delete map client manager",
      "content_type": 11,
      "codename": "delete_mapclientmanager"
    }
  },
  {
    "model": "auth.permission",
    "pk": 44,
    "fields": {
      "name": "Can view map client manager",
      "content_type": 11,
      "codename": "view_mapclientmanager"
    }
  },
  {
    "model": "contenttypes.contenttype",
    "pk": 1,
    "fields": { "app_label": "admin", "model": "logentry" }
  },
  {
    "model": "contenttypes.contenttype",
    "pk": 2,
    "fields": { "app_label": "auth", "model": "permission" }
  },
  {
    "model": "contenttypes.contenttype",
    "pk": 3,
    "fields": { "app_label": "auth", "model": "group" }
  },
  {
    "model": "contenttypes.contenttype",
    "pk": 4,
    "fields": { "app_label": "contenttypes", "model": "contenttype" }
  },
  {
    "model": "contenttypes.contenttype",
    "pk": 5,
    "fields": { "app_label": "sessions", "model": "session" }
  },
  {
    "model": "contenttypes.contenttype",
    "pk": 6,
    "fields": { "app_label": "accounts", "model": "customuser" }
  },
  {
    "model": "contenttypes.contenttype",
    "pk": 7,
    "fields": { "app_label": "accounts", "model": "userverification" }
  },
  {
    "model": "contenttypes.contenttype",
    "pk": 8,
    "fields": { "app_label": "accounts", "model": "customer" }
  },
  {
    "model": "contenttypes.contenttype",
    "pk": 9,
    "fields": { "app_label": "accounts", "model": "rider" }
  },
  {
    "model": "contenttypes.contenttype",
    "pk": 10,
    "fields": { "app_label": "orders", "model": "order" }
  },
  {
    "model": "contenttypes.contenttype",
    "pk": 11,
    "fields": { "app_label": "map_clients", "model": "mapclientmanager" }
  },
  {
    "model": "sessions.session",
    "pk": "20uf6qhzbmkomtwdecgaguj1e3q6y8fi",
    "fields": {
      "session_data": ".eJxVjMsOwiAQRf-FtSE8B3Dp3m8gMAxSNTQp7cr479qkC93ec859sZi2tcVt0BKnws5MsdPvlhM-qO-g3FO_zRznvi5T5rvCDzr4dS70vBzu30FLo33rYI0WqoJMVppclRSICrUOPpNxIBBAlRq0p2K8kdY6CI7IIaACSo69P70pNyQ:1rHTep:sWTw_IP6b8INEAGIaxcp_yOea_vgG-d1IsYD5HCBuCI",
      "expire_date": "2024-01-07T18:57:03.260Z"
    }
  },
  {
    "model": "sessions.session",
    "pk": "p0rpzbk03j33xkjh9axj4g8sn0ruyiyt",
    "fields": {
      "session_data": ".eJxVjMsOwiAQRf-FtSE8B3Dp3m8gMAxSNTQp7cr479qkC93ec859sZi2tcVt0BKnws5MsdPvlhM-qO-g3FO_zRznvi5T5rvCDzr4dS70vBzu30FLo33rYI0WqoJMVppclRSICrUOPpNxIBBAlRq0p2K8kdY6CI7IIaACSo69P70pNyQ:1rRriw:K_7Ui5EvnLBE0RXjzJfgCCZKdZJwfYI-ocUAwit4y2o",
      "expire_date": "2024-02-05T10:40:14.946Z"
    }
  },
  {
    "model": "sessions.session",
    "pk": "p1amfhi8ilm4irkppbw3y3eb6doi30yj",
    "fields": {
      "session_data": ".eJxVjMsOwiAQRf-FtSE8B3Dp3m8gMAxSNTQp7cr479qkC93ec859sZi2tcVt0BKnws5MsdPvlhM-qO-g3FO_zRznvi5T5rvCDzr4dS70vBzu30FLo33rYI0WqoJMVppclRSICrUOPpNxIBBAlRq0p2K8kdY6CI7IIaACSo69P70pNyQ:1rG1KY:7qj3PiM5QI6bWC9U_ihXiGPpU6wHj6z-cBiEeqKHte8",
      "expire_date": "2024-01-03T18:30:06.355Z"
    }
  },
  {
    "model": "sessions.session",
    "pk": "tx8xaq9033zlplgfsvu15ikk25x52xqf",
    "fields": {
      "session_data": ".eJxVjMsOwiAQRf-FtSE8B3Dp3m8gMAxSNTQp7cr479qkC93ec859sZi2tcVt0BKnws5MsdPvlhM-qO-g3FO_zRznvi5T5rvCDzr4dS70vBzu30FLo33rYI0WqoJMVppclRSICrUOPpNxIBBAlRq0p2K8kdY6CI7IIaACSo69P70pNyQ:1ra2TE:LwqTSwGGIRedPL0VEQOO2DHsTr1B6RFm-X5EBq1w46c",
      "expire_date": "2024-02-27T23:45:48.198Z"
    }
  },
  {
    "model": "accounts.customuser",
    "pk": 1,
    "fields": {
      "password": "pbkdf2_sha256$390000$wmWf0U8LVJU50NLy82OrQI$d5M/CQiSWf1Tdv++cmMBDE96uWiXnythU/Ry//PSJUE=",
      "is_superuser": false,
      "first_name": "Ethan",
      "last_name": "Smith",
      "phone_number": "08137021976",
      "email": "ethan123@gmail.com",
      "is_verified": true,
      "is_active": true,
      "is_staff": false,
      "date_joined": "2023-12-20T18:28:01.825Z",
      "last_login": "2023-12-20T19:33:04.179Z",
      "groups": [],
      "user_permissions": []
    }
  },
  {
    "model": "accounts.customuser",
    "pk": 2,
    "fields": {
      "password": "pbkdf2_sha256$390000$O4XBdR8W4cULPBDoklx0RM$BExVD58DSHfXFdaT7MnWsUsaejpYS4stcNUJqi+mF9A=",
      "is_superuser": true,
      "first_name": "Abdulmujeeb",
      "last_name": "Ahmad",
      "phone_number": "",
      "email": "admin@emjay.com",
      "is_verified": true,
      "is_active": true,
      "is_staff": true,
      "date_joined": "2023-12-20T18:29:52.821Z",
      "last_login": "2024-02-13T23:45:47.981Z",
      "groups": [],
      "user_permissions": []
    }
  },
  {
    "model": "accounts.customuser",
    "pk": 3,
    "fields": {
      "password": "#JasonSmith",
      "is_superuser": false,
      "first_name": "Jason",
      "last_name": "Smith",
      "phone_number": "09139330472",
      "email": "jasonsmith@gmail.com",
      "is_verified": true,
      "is_active": true,
      "is_staff": false,
      "date_joined": "2023-12-20T19:13:44.168Z",
      "last_login": "2023-12-20T19:13:44.168Z",
      "groups": [],
      "user_permissions": []
    }
  },
  {
    "model": "accounts.customuser",
    "pk": 4,
    "fields": {
      "password": "pbkdf2_sha256$390000$2Qp06GA8SiPLsLnlPFTcM8$SSX2alI7GPAQui8XdGG/2zP1yjpskJYQNjXi2KYZwcE=",
      "is_superuser": false,
      "first_name": "Temi",
      "last_name": "Adams",
      "phone_number": "08137021976",
      "email": "temiadams@gmail.com",
      "is_verified": true,
      "is_active": true,
      "is_staff": false,
      "date_joined": "2023-12-21T05:12:32.383Z",
      "last_login": "2023-12-21T05:14:37.331Z",
      "groups": [],
      "user_permissions": []
    }
  },
  {
    "model": "accounts.customuser",
    "pk": 5,
    "fields": {
      "password": "pbkdf2_sha256$390000$Z4B4rPA7k9un892mLEqqye$dQchAyt9BHIuMoVlOJQ30iTRrSp5wGtymw1wO7VzkYE=",
      "is_superuser": false,
      "first_name": "Yinka",
      "last_name": "Olaleye",
      "phone_number": "08137021976",
      "email": "yinkaolaleye@gmail.com",
      "is_verified": true,
      "is_active": true,
      "is_staff": false,
      "date_joined": "2023-12-21T05:18:14.946Z",
      "last_login": "2023-12-21T05:19:56.365Z",
      "groups": [],
      "user_permissions": []
    }
  },
  {
    "model": "accounts.customuser",
    "pk": 7,
    "fields": {
      "password": "pbkdf2_sha256$390000$ZLDX8J6AKgc704WxeloMBf$Rk7/SJccwCyIsXBxWTzYhG1KL7UPaCn6AADLyFTcQvo=",
      "is_superuser": false,
      "first_name": "James",
      "last_name": "Thompson",
      "phone_number": "08137021976",
      "email": "jamesthompson@gmail.com",
      "is_verified": false,
      "is_active": true,
      "is_staff": false,
      "date_joined": "2023-12-21T05:22:01.052Z",
      "last_login": "2023-12-21T05:22:01.940Z",
      "groups": [],
      "user_permissions": []
    }
  },
  {
    "model": "accounts.customuser",
    "pk": 8,
    "fields": {
      "password": "pbkdf2_sha256$390000$521IwK6bBXThIp6JxBL6X1$Gf402bsLMu82R8y+Hn5U0LQmILzmxCxGzg8Go9Rn3ZY=",
      "is_superuser": false,
      "first_name": "Olushola",
      "last_name": "Itunu",
      "phone_number": "08137021976",
      "email": "olusholaitunu@gmail.com",
      "is_verified": true,
      "is_active": true,
      "is_staff": false,
      "date_joined": "2023-12-21T05:25:22.592Z",
      "last_login": "2023-12-21T05:27:08.545Z",
      "groups": [],
      "user_permissions": []
    }
  },
  {
    "model": "accounts.customuser",
    "pk": 9,
    "fields": {
      "password": "pbkdf2_sha256$390000$XCsyC9PJcAtmjfbZmXCgas$Y74mPUK+RVv35d7U7HQHLVIeLzvUkNsbMwIoCHtqmbk=",
      "is_superuser": false,
      "first_name": "Hafiz",
      "last_name": "Olaniyi",
      "phone_number": "08137021976",
      "email": "hafizolaniyi@gmail.com",
      "is_verified": true,
      "is_active": true,
      "is_staff": false,
      "date_joined": "2023-12-21T05:28:31.657Z",
      "last_login": "2023-12-21T05:28:56.241Z",
      "groups": [],
      "user_permissions": []
    }
  },
  {
    "model": "accounts.customuser",
    "pk": 10,
    "fields": {
      "password": "pbkdf2_sha256$390000$izzkGHCzk9dpQhxtOju6fv$gvMZzvSsQXCMM4YjUSmB3c/EAI2i6H0JEOgOt5/Yhuk=",
      "is_superuser": false,
      "first_name": "Ibrahim",
      "last_name": "Adenuga",
      "phone_number": "08137021976",
      "email": "ibrahimadenuga@gmail.com",
      "is_verified": true,
      "is_active": true,
      "is_staff": false,
      "date_joined": "2023-12-21T05:32:26.115Z",
      "last_login": "2023-12-21T05:34:02.977Z",
      "groups": [],
      "user_permissions": []
    }
  },
  {
    "model": "accounts.customuser",
    "pk": 11,
    "fields": {
      "password": "pbkdf2_sha256$390000$2xGOJtoZW0OXAE2Kakrl9y$pO5uQciLai0GKA+tBTO0jmZUqjEbNCoN8oI4xdBEBXY=",
      "is_superuser": false,
      "first_name": "Temitope",
      "last_name": "Lawal",
      "phone_number": "08137021976",
      "email": "temiptopelawal@gmail.com",
      "is_verified": true,
      "is_active": true,
      "is_staff": false,
      "date_joined": "2023-12-21T05:44:11.960Z",
      "last_login": "2023-12-21T05:45:27.955Z",
      "groups": [],
      "user_permissions": []
    }
  },
  {
    "model": "accounts.customuser",
    "pk": 12,
    "fields": {
      "password": "pbkdf2_sha256$390000$F7fKGaMneaEUal5ZsBGObP$F4dqVf2iRcuyXrdyjXZqKBmsBaQJ8qDpKx8mgwjHwkw=",
      "is_superuser": false,
      "first_name": "Gabriel",
      "last_name": "Edema",
      "phone_number": "08137021976",
      "email": "gabrieledema@gmail.com",
      "is_verified": true,
      "is_active": true,
      "is_staff": false,
      "date_joined": "2023-12-21T05:48:29.749Z",
      "last_login": "2023-12-21T05:50:12.781Z",
      "groups": [],
      "user_permissions": []
    }
  },
  {
    "model": "accounts.customuser",
    "pk": 13,
    "fields": {
      "password": "pbkdf2_sha256$390000$746OWcDCZKCdfoBRpWaN19$T+GMpbsG1jmFdKMUNUND6XY6NCAHpIkn0qdc29UU+2w=",
      "is_superuser": false,
      "first_name": "Jonathan",
      "last_name": "Rice",
      "phone_number": "09139330472",
      "email": "jonathanrice2@gmail.com",
      "is_verified": true,
      "is_active": true,
      "is_staff": false,
      "date_joined": "2023-12-21T05:51:35.897Z",
      "last_login": "2023-12-21T05:52:08.428Z",
      "groups": [],
      "user_permissions": []
    }
  },
  {
    "model": "accounts.customuser",
    "pk": 14,
    "fields": {
      "password": "pbkdf2_sha256$390000$h4M2CpiycDI7bgHPWk3gg4$lYsiM5OT9M/uC0e8HZQMQ4u2RhY7XCdAiFovIsbLOq8=",
      "is_superuser": false,
      "first_name": "Mohammed",
      "last_name": "Faruq",
      "phone_number": "08137021976",
      "email": "mohammedfaruq@gmail.com",
      "is_verified": false,
      "is_active": true,
      "is_staff": false,
      "date_joined": "2023-12-21T06:16:46.603Z",
      "last_login": "2023-12-21T06:16:47.117Z",
      "groups": [],
      "user_permissions": []
    }
  },
  {
    "model": "accounts.customuser",
    "pk": 20,
    "fields": {
      "password": "pbkdf2_sha256$390000$qMf2aMatRZZyuriJMl0jRQ$/1Z7W/WKpA0QbOoi+ZruAnjNbIPqNMfZPGorg7ZRw1o=",
      "is_superuser": false,
      "first_name": "Faruq",
      "last_name": "Mohahmmad",
      "phone_number": "08137021976",
      "email": "faruqmohammad@gmail.com",
      "is_verified": false,
      "is_active": true,
      "is_staff": false,
      "date_joined": "2023-12-24T07:31:04.260Z",
      "last_login": "2023-12-24T07:31:04.260Z",
      "groups": [],
      "user_permissions": []
    }
  },
  {
    "model": "accounts.customuser",
    "pk": 22,
    "fields": {
      "password": "pbkdf2_sha256$390000$QaMbC8bfDQZzXJ4McsD2Dv$94cQ607keBXll8R2aeEfYRmI88qqSa6of4SJ6OLc0Co=",
      "is_superuser": false,
      "first_name": "Isa",
      "last_name": "Qassim",
      "phone_number": "08137021976",
      "email": "isaqassim@gmail.com",
      "is_verified": false,
      "is_active": true,
      "is_staff": false,
      "date_joined": "2023-12-24T11:12:28.734Z",
      "last_login": "2023-12-24T11:12:28.734Z",
      "groups": [],
      "user_permissions": []
    }
  },
  {
    "model": "accounts.customuser",
    "pk": 23,
    "fields": {
      "password": "pbkdf2_sha256$390000$nJWUoIEiWINbGupGR0m5Qg$AmR++j0ipL2m3iQPuA6OI0ZiiEdE14BJ/XiY87XpEEs=",
      "is_superuser": false,
      "first_name": "Jonathan",
      "last_name": "Aligbe",
      "phone_number": "08137021976",
      "email": "jonathaligbe@gmail.com",
      "is_verified": false,
      "is_active": true,
      "is_staff": false,
      "date_joined": "2023-12-24T11:21:53.396Z",
      "last_login": "2023-12-24T11:21:53.396Z",
      "groups": [],
      "user_permissions": []
    }
  },
  {
    "model": "accounts.customuser",
    "pk": 24,
    "fields": {
      "password": "pbkdf2_sha256$390000$sBs7bqTV5R55GJWKUrCg1D$E44jmUn/qd7OEOUSyXLJ1MheI/khO+0+F6mOQs9206U=",
      "is_superuser": false,
      "first_name": "Tomiwa",
      "last_name": "Lawal",
      "phone_number": "08137021976",
      "email": "tomiwalawal@gmail.com",
      "is_verified": false,
      "is_active": true,
      "is_staff": false,
      "date_joined": "2023-12-24T11:29:44.283Z",
      "last_login": "2023-12-24T11:29:44.283Z",
      "groups": [],
      "user_permissions": []
    }
  },
  {
    "model": "accounts.customuser",
    "pk": 25,
    "fields": {
      "password": "pbkdf2_sha256$390000$6Kt4jrCLa9e7WDIQQ8guec$8QoHmCQQMiA+WeJc6U5Peyh0UWRUgWcsHRof90pOS38=",
      "is_superuser": false,
      "first_name": "Segun",
      "last_name": "Adegoke",
      "phone_number": "08137021976",
      "email": "segunadegoke@gmail.com",
      "is_verified": false,
      "is_active": true,
      "is_staff": false,
      "date_joined": "2023-12-24T11:32:32.593Z",
      "last_login": "2023-12-24T11:32:32.593Z",
      "groups": [],
      "user_permissions": []
    }
  },
  {
    "model": "accounts.customuser",
    "pk": 26,
    "fields": {
      "password": "pbkdf2_sha256$390000$PwJLki6gKvYEpFRHWutDnj$llokN3gKGgFuM7P63tE3Gphvoi+XYmHDFZlY8g8VH20=",
      "is_superuser": false,
      "first_name": "Femi",
      "last_name": "Adegoke",
      "phone_number": "08137021976",
      "email": "femiadegoke@gmail.com",
      "is_verified": false,
      "is_active": true,
      "is_staff": false,
      "date_joined": "2023-12-24T11:37:59.150Z",
      "last_login": "2023-12-24T11:37:59.150Z",
      "groups": [],
      "user_permissions": []
    }
  },
  {
    "model": "accounts.customuser",
    "pk": 27,
    "fields": {
      "password": "pbkdf2_sha256$390000$ALNMabrvnkJsA0nK3yUn9l$gb6A1L6yPpav11jfYBsq6mu4xMcmw7YPrzrLrfnSdlQ=",
      "is_superuser": false,
      "first_name": "Segun",
      "last_name": "Akomolafe",
      "phone_number": "09139330472",
      "email": "segunakomolafe@gmail.com",
      "is_verified": false,
      "is_active": true,
      "is_staff": false,
      "date_joined": "2023-12-24T11:41:44.138Z",
      "last_login": "2023-12-24T11:41:44.138Z",
      "groups": [],
      "user_permissions": []
    }
  },
  {
    "model": "accounts.customuser",
    "pk": 28,
    "fields": {
      "password": "pbkdf2_sha256$390000$sq58ODwmDI5Ob3SWJ9vKAk$gQ97x33BvRFDNi1WqaYX2UBFaK4AbFjX99JJ4fw8myU=",
      "is_superuser": false,
      "first_name": "Mayowa",
      "last_name": "Lawal",
      "phone_number": "08137021976",
      "email": "mayowalawal@gmail.com",
      "is_verified": false,
      "is_active": true,
      "is_staff": false,
      "date_joined": "2023-12-24T11:46:36.018Z",
      "last_login": "2023-12-24T11:46:36.018Z",
      "groups": [],
      "user_permissions": []
    }
  },
  {
    "model": "accounts.customuser",
    "pk": 36,
    "fields": {
      "password": "pbkdf2_sha256$390000$iSMb7EDEp3pUUafWq6ZLNh$QevDcN8hd6ezqhpiM7/ayKY744oiho9WF8vnHAmgXHw=",
      "is_superuser": false,
      "first_name": "Moyo",
      "last_name": "Martins",
      "phone_number": "08137021976",
      "email": "moyomartins@gmail.com",
      "is_verified": true,
      "is_active": true,
      "is_staff": false,
      "date_joined": "2024-02-24T17:09:36.278Z",
      "last_login": "2024-02-24T19:07:17.355Z",
      "groups": [],
      "user_permissions": []
    }
  },
  {
    "model": "accounts.customuser",
    "pk": 37,
    "fields": {
      "password": "pbkdf2_sha256$390000$uKacCynPSed4KaRwDk4YdI$OVl2EAC61Vcx5zSqN5MVs0kebNrK/Qn7YMjIvApY25s=",
      "is_superuser": false,
      "first_name": "Samuel",
      "last_name": "Adegoke",
      "phone_number": "08137021976",
      "email": "adegokesamuel@gmail.com",
      "is_verified": true,
      "is_active": true,
      "is_staff": false,
      "date_joined": "2024-02-24T17:15:31.707Z",
      "last_login": "2024-02-24T19:07:29.630Z",
      "groups": [],
      "user_permissions": []
    }
  },
  {
    "model": "accounts.customuser",
    "pk": 38,
    "fields": {
      "password": "pbkdf2_sha256$390000$wSpIOZMafUgUsSlIMyumP5$qp5jrtS0hhMx6XIK1RLFLPc74LUvjj/JK8+QuGnWwj4=",
      "is_superuser": false,
      "first_name": "Samuel",
      "last_name": "Ajayi",
      "phone_number": "09139330472",
      "email": "samuelajayi@gmail.com",
      "is_verified": true,
      "is_active": true,
      "is_staff": false,
      "date_joined": "2024-02-24T17:16:39.004Z",
      "last_login": "2024-02-24T19:06:34.964Z",
      "groups": [],
      "user_permissions": []
    }
  },
  {
    "model": "accounts.customuser",
    "pk": 39,
    "fields": {
      "password": "pbkdf2_sha256$390000$McjvIidDGK2QVgNFi27Ydd$Az/csDe4WELOfD8Ilmumu0th7k5+sAlxi4oLoly5310=",
      "is_superuser": false,
      "first_name": "Ibrahim",
      "last_name": "Babatunde",
      "phone_number": "08137021976",
      "email": "ibrahimbabatunde@gmail.com",
      "is_verified": true,
      "is_active": true,
      "is_staff": false,
      "date_joined": "2024-02-24T17:21:42.350Z",
      "last_login": "2024-02-24T19:06:27.221Z",
      "groups": [],
      "user_permissions": []
    }
  },
  {
    "model": "accounts.customuser",
    "pk": 42,
    "fields": {
      "password": "pbkdf2_sha256$390000$oPrI2Cwy9Qw6sY2rr0vR2G$mgeoEZsRtCwJprLJ1In+RPuCFgeX4ud61tESXqAf6Ug=",
      "is_superuser": false,
      "first_name": "Ridwan",
      "last_name": "Ali",
      "phone_number": "08137021976",
      "email": "rdiwanali@gmail.com",
      "is_verified": true,
      "is_active": true,
      "is_staff": false,
      "date_joined": "2024-02-24T17:36:45.112Z",
      "last_login": "2024-02-24T19:06:16.849Z",
      "groups": [],
      "user_permissions": []
    }
  },
  {
    "model": "accounts.customuser",
    "pk": 43,
    "fields": {
      "password": "pbkdf2_sha256$390000$xlONlYqqOWCwYmUq3kbO9G$FbmemeTLlUZo6cimA7tB1TdIqEwgdMi5OZxmMSmDIGU=",
      "is_superuser": false,
      "first_name": "Muiz",
      "last_name": "Muili",
      "phone_number": "09139330472",
      "email": "muizmuili@gmail.com",
      "is_verified": false,
      "is_active": true,
      "is_staff": false,
      "date_joined": "2024-02-24T22:38:06.671Z",
      "last_login": "2024-02-24T22:38:07.249Z",
      "groups": [],
      "user_permissions": []
    }
  },
  {
    "model": "accounts.customuser",
    "pk": 44,
    "fields": {
      "password": "pbkdf2_sha256$390000$cV0G70CbRvQOsAkiEYae4r$6gX0BGwABkQAUlMmFHM8jv6XNnsCslbB+YYKl3l3HI8=",
      "is_superuser": false,
      "first_name": "Azeez",
      "last_name": "Ali",
      "phone_number": "08137021976",
      "email": "azeezali@gmail.com",
      "is_verified": false,
      "is_active": true,
      "is_staff": false,
      "date_joined": "2024-02-24T22:39:57.019Z",
      "last_login": "2024-02-24T22:39:57.639Z",
      "groups": [],
      "user_permissions": []
    }
  },
  {
    "model": "accounts.customuser",
    "pk": 47,
    "fields": {
      "password": "pbkdf2_sha256$390000$7NJWxpNpsbQwlcXUiEQ9VD$6VHmxEvBbbfTtTDk86crf7KtBSJx9FBsj5+Zdo6uK3U=",
      "is_superuser": false,
      "first_name": "James",
      "last_name": "Cameroon",
      "phone_number": "08137021976",
      "email": "jamescameroon@gmail.com",
      "is_verified": false,
      "is_active": true,
      "is_staff": false,
      "date_joined": "2024-02-24T23:06:43.029Z",
      "last_login": "2024-02-24T23:06:43.702Z",
      "groups": [],
      "user_permissions": []
    }
  },
  {
    "model": "accounts.customuser",
    "pk": 48,
    "fields": {
      "password": "pbkdf2_sha256$390000$QzdNO7VOtNlq8Zhf284lz9$UA+B31I242z+L5P+wY/kP67Vzow1LQ9SKsyvwj7GVvc=",
      "is_superuser": false,
      "first_name": "Abdullah",
      "last_name": "Adigun",
      "phone_number": "08137021976",
      "email": "abdullahadigun@gmail.com",
      "is_verified": false,
      "is_active": true,
      "is_staff": false,
      "date_joined": "2024-02-24T23:13:52.928Z",
      "last_login": "2024-02-24T23:13:53.640Z",
      "groups": [],
      "user_permissions": []
    }
  },
  {
    "model": "accounts.customuser",
    "pk": 50,
    "fields": {
      "password": "pbkdf2_sha256$390000$WA9OaXbr012fU9gWuCWMSd$f2u5E+hgn4d0w6nQdsi6ASCZBoCyBcV/WQ9xUfoqrys=",
      "is_superuser": false,
      "first_name": "Ganiyu",
      "last_name": "Lamina",
      "phone_number": "08137021976",
      "email": "ganiyulamina@gmail.com",
      "is_verified": false,
      "is_active": true,
      "is_staff": false,
      "date_joined": "2024-02-24T23:23:08.514Z",
      "last_login": "2024-02-24T23:23:09.151Z",
      "groups": [],
      "user_permissions": []
    }
  },
  {
    "model": "accounts.userverification",
    "pk": 1,
    "fields": {
      "user": 1,
      "otp": "067771",
      "created_at": "2023-12-20T18:28:08.669Z",
      "otp_expiration_time": "2023-12-20T18:58:08.669Z",
      "used": false
    }
  },
  {
    "model": "accounts.userverification",
    "pk": 2,
    "fields": {
      "user": 4,
      "otp": "342503",
      "created_at": "2023-12-21T05:12:40.411Z",
      "otp_expiration_time": "2023-12-21T05:42:40.411Z",
      "used": false
    }
  },
  {
    "model": "accounts.userverification",
    "pk": 3,
    "fields": {
      "user": 5,
      "otp": "854433",
      "created_at": "2023-12-21T05:18:18.811Z",
      "otp_expiration_time": "2023-12-21T05:48:18.811Z",
      "used": false
    }
  },
  {
    "model": "accounts.userverification",
    "pk": 4,
    "fields": {
      "user": 7,
      "otp": "433240",
      "created_at": "2023-12-21T05:22:06.191Z",
      "otp_expiration_time": "2023-12-21T05:52:06.191Z",
      "used": false
    }
  },
  {
    "model": "accounts.userverification",
    "pk": 5,
    "fields": {
      "user": 8,
      "otp": "747570",
      "created_at": "2023-12-21T05:25:28.003Z",
      "otp_expiration_time": "2023-12-21T05:55:28.003Z",
      "used": false
    }
  },
  {
    "model": "accounts.userverification",
    "pk": 6,
    "fields": {
      "user": 9,
      "otp": "008372",
      "created_at": "2023-12-21T05:28:38.193Z",
      "otp_expiration_time": "2023-12-21T05:58:38.193Z",
      "used": false
    }
  },
  {
    "model": "accounts.userverification",
    "pk": 7,
    "fields": {
      "user": 10,
      "otp": "054425",
      "created_at": "2023-12-21T05:32:30.032Z",
      "otp_expiration_time": "2023-12-21T06:02:30.032Z",
      "used": false
    }
  },
  {
    "model": "accounts.userverification",
    "pk": 8,
    "fields": {
      "user": 11,
      "otp": "648744",
      "created_at": "2023-12-21T05:44:16.633Z",
      "otp_expiration_time": "2023-12-21T06:14:16.633Z",
      "used": false
    }
  },
  {
    "model": "accounts.userverification",
    "pk": 9,
    "fields": {
      "user": 12,
      "otp": "630742",
      "created_at": "2023-12-21T05:48:36.019Z",
      "otp_expiration_time": "2023-12-21T06:18:36.019Z",
      "used": false
    }
  },
  {
    "model": "accounts.userverification",
    "pk": 10,
    "fields": {
      "user": 13,
      "otp": "423287",
      "created_at": "2023-12-21T05:51:41.333Z",
      "otp_expiration_time": "2023-12-21T06:21:41.333Z",
      "used": false
    }
  },
  {
    "model": "accounts.userverification",
    "pk": 11,
    "fields": {
      "user": 14,
      "otp": "127431",
      "created_at": "2023-12-21T06:16:52.268Z",
      "otp_expiration_time": "2023-12-21T06:46:52.268Z",
      "used": false
    }
  },
  {
    "model": "accounts.userverification",
    "pk": 12,
    "fields": {
      "user": 22,
      "otp": "715305",
      "created_at": "2023-12-24T11:12:33.118Z",
      "otp_expiration_time": "2023-12-24T11:42:33.118Z",
      "used": false
    }
  },
  {
    "model": "accounts.userverification",
    "pk": 13,
    "fields": {
      "user": 24,
      "otp": "462705",
      "created_at": "2023-12-24T11:29:48.942Z",
      "otp_expiration_time": "2023-12-24T11:59:48.942Z",
      "used": false
    }
  },
  {
    "model": "accounts.userverification",
    "pk": 14,
    "fields": {
      "user": 25,
      "otp": "643910",
      "created_at": "2023-12-24T11:32:38.166Z",
      "otp_expiration_time": "2023-12-24T12:02:38.166Z",
      "used": false
    }
  },
  {
    "model": "accounts.userverification",
    "pk": 15,
    "fields": {
      "user": 26,
      "otp": "151765",
      "created_at": "2023-12-24T11:38:02.972Z",
      "otp_expiration_time": "2023-12-24T12:08:02.972Z",
      "used": false
    }
  },
  {
    "model": "accounts.userverification",
    "pk": 16,
    "fields": {
      "user": 27,
      "otp": "590468",
      "created_at": "2023-12-24T11:41:48.370Z",
      "otp_expiration_time": "2023-12-24T12:11:48.370Z",
      "used": false
    }
  },
  {
    "model": "accounts.userverification",
    "pk": 17,
    "fields": {
      "user": 28,
      "otp": "476169",
      "created_at": "2023-12-24T11:46:40.623Z",
      "otp_expiration_time": "2023-12-24T12:16:40.623Z",
      "used": false
    }
  },
  {
    "model": "accounts.userverification",
    "pk": 19,
    "fields": {
      "user": 36,
      "otp": "058203",
      "created_at": "2024-02-24T17:09:43.662Z",
      "otp_expiration_time": "2024-02-24T17:39:43.662Z",
      "used": false
    }
  },
  {
    "model": "accounts.userverification",
    "pk": 20,
    "fields": {
      "user": 37,
      "otp": "894536",
      "created_at": "2024-02-24T17:15:37.820Z",
      "otp_expiration_time": "2024-02-24T17:45:37.820Z",
      "used": false
    }
  },
  {
    "model": "accounts.userverification",
    "pk": 21,
    "fields": {
      "user": 38,
      "otp": "426255",
      "created_at": "2024-02-24T17:16:47.038Z",
      "otp_expiration_time": "2024-02-24T17:46:47.038Z",
      "used": false
    }
  },
  {
    "model": "accounts.userverification",
    "pk": 22,
    "fields": {
      "user": 39,
      "otp": "810212",
      "created_at": "2024-02-24T17:21:48.794Z",
      "otp_expiration_time": "2024-02-24T17:51:48.794Z",
      "used": false
    }
  },
  {
    "model": "accounts.userverification",
    "pk": 25,
    "fields": {
      "user": 42,
      "otp": "767934",
      "created_at": "2024-02-24T17:36:49.343Z",
      "otp_expiration_time": "2024-02-24T18:06:49.343Z",
      "used": false
    }
  },
  {
    "model": "accounts.userverification",
    "pk": 26,
    "fields": {
      "user": 43,
      "otp": "896442",
      "created_at": "2024-02-24T22:38:10.696Z",
      "otp_expiration_time": "2024-02-24T23:08:10.696Z",
      "used": false
    }
  },
  {
    "model": "accounts.userverification",
    "pk": 27,
    "fields": {
      "user": 44,
      "otp": "050875",
      "created_at": "2024-02-24T22:40:02.332Z",
      "otp_expiration_time": "2024-02-24T23:10:02.332Z",
      "used": false
    }
  },
  {
    "model": "accounts.userverification",
    "pk": 28,
    "fields": {
      "user": 47,
      "otp": "818076",
      "created_at": "2024-02-24T23:06:49.212Z",
      "otp_expiration_time": "2024-02-24T23:36:49.212Z",
      "used": false
    }
  },
  {
    "model": "accounts.userverification",
    "pk": 29,
    "fields": {
      "user": 48,
      "otp": "872651",
      "created_at": "2024-02-24T23:13:58.018Z",
      "otp_expiration_time": "2024-02-24T23:43:58.018Z",
      "used": false
    }
  },
  {
    "model": "accounts.userverification",
    "pk": 30,
    "fields": {
      "user": 50,
      "otp": "441890",
      "created_at": "2024-02-24T23:23:15.234Z",
      "otp_expiration_time": "2024-02-24T23:53:15.234Z",
      "used": false
    }
  },
  { "model": "accounts.customer", "pk": 13, "fields": {} },
  { "model": "accounts.customer", "pk": 27, "fields": {} },
  { "model": "accounts.customer", "pk": 43, "fields": {} },
  {
    "model": "accounts.rider",
    "pk": 1,
    "fields": {
      "user": 1,
      "vehicle_type": "TWO_WHEELER",
      "vehicle_registration_number": "KTU648",
      "min_capacity": 1,
      "max_capacity": 56,
      "fragile_item_allowed": true,
      "charge_per_km": "1042.39",
      "ratings": null
    }
  },
  {
    "model": "accounts.rider",
    "pk": 2,
    "fields": {
      "user": 3,
      "vehicle_type": "TWO_WHEELER",
      "vehicle_registration_number": "LAG1234",
      "min_capacity": 1,
      "max_capacity": 52,
      "fragile_item_allowed": true,
      "charge_per_km": "1213.81",
      "ratings": null
    }
  },
  {
    "model": "accounts.rider",
    "pk": 3,
    "fields": {
      "user": 4,
      "vehicle_type": "TWO_WHEELER",
      "vehicle_registration_number": "ABJ246",
      "min_capacity": 1,
      "max_capacity": 52,
      "fragile_item_allowed": true,
      "charge_per_km": "1379.95",
      "ratings": null
    }
  },
  {
    "model": "accounts.rider",
    "pk": 4,
    "fields": {
      "user": 5,
      "vehicle_type": "TWO_WHEELER",
      "vehicle_registration_number": "LAG246",
      "min_capacity": 1,
      "max_capacity": 54,
      "fragile_item_allowed": true,
      "charge_per_km": "1738.08",
      "ratings": null
    }
  },
  {
    "model": "accounts.rider",
    "pk": 6,
    "fields": {
      "user": 7,
      "vehicle_type": "TWO_WHEELER",
      "vehicle_registration_number": "KTU334",
      "min_capacity": 1,
      "max_capacity": 55,
      "fragile_item_allowed": true,
      "charge_per_km": "1155.17",
      "ratings": null
    }
  },
  {
    "model": "accounts.rider",
    "pk": 7,
    "fields": {
      "user": 8,
      "vehicle_type": "TWO_WHEELER",
      "vehicle_registration_number": "ABJ764",
      "min_capacity": 1,
      "max_capacity": 52,
      "fragile_item_allowed": true,
      "charge_per_km": "1379.78",
      "ratings": null
    }
  },
  {
    "model": "accounts.rider",
    "pk": 8,
    "fields": {
      "user": 9,
      "vehicle_type": "TWO_WHEELER",
      "vehicle_registration_number": "LAG798",
      "min_capacity": 1,
      "max_capacity": 53,
      "fragile_item_allowed": true,
      "charge_per_km": "1178.21",
      "ratings": null
    }
  },
  {
    "model": "accounts.rider",
    "pk": 9,
    "fields": {
      "user": 10,
      "vehicle_type": "TWO_WHEELER",
      "vehicle_registration_number": "KTU659",
      "min_capacity": 1,
      "max_capacity": 52,
      "fragile_item_allowed": false,
      "charge_per_km": "1194.02",
      "ratings": null
    }
  },
  {
    "model": "accounts.rider",
    "pk": 10,
    "fields": {
      "user": 11,
      "vehicle_type": "TWO_WHEELER",
      "vehicle_registration_number": "ABJ249",
      "min_capacity": 1,
      "max_capacity": 59,
      "fragile_item_allowed": false,
      "charge_per_km": "1351.57",
      "ratings": null
    }
  },
  {
    "model": "accounts.rider",
    "pk": 11,
    "fields": {
      "user": 12,
      "vehicle_type": "TWO_WHEELER",
      "vehicle_registration_number": "LAG639",
      "min_capacity": 1,
      "max_capacity": 57,
      "fragile_item_allowed": false,
      "charge_per_km": "1135.06",
      "ratings": null
    }
  },
  {
    "model": "accounts.rider",
    "pk": 12,
    "fields": {
      "user": 14,
      "vehicle_type": "TWO_WHEELER",
      "vehicle_registration_number": "KTU770",
      "min_capacity": 1,
      "max_capacity": 60,
      "fragile_item_allowed": true,
      "charge_per_km": "1767.26",
      "ratings": null
    }
  },
  {
    "model": "accounts.rider",
    "pk": 18,
    "fields": {
      "user": 20,
      "vehicle_type": "TWO_WHEELER",
      "vehicle_registration_number": "ABJ145",
      "min_capacity": 1,
      "max_capacity": 55,
      "fragile_item_allowed": true,
      "charge_per_km": "1566.71",
      "ratings": null
    }
  },
  {
    "model": "accounts.rider",
    "pk": 20,
    "fields": {
      "user": 22,
      "vehicle_type": "TWO_WHEELER",
      "vehicle_registration_number": "ABJ275",
      "min_capacity": 1,
      "max_capacity": 54,
      "fragile_item_allowed": true,
      "charge_per_km": "1148.56",
      "ratings": null
    }
  },
  {
    "model": "accounts.rider",
    "pk": 21,
    "fields": {
      "user": 23,
      "vehicle_type": "TWO_WHEELER",
      "vehicle_registration_number": "ABJ376",
      "min_capacity": 1,
      "max_capacity": 56,
      "fragile_item_allowed": true,
      "charge_per_km": "1685.94",
      "ratings": null
    }
  },
  {
    "model": "accounts.rider",
    "pk": 22,
    "fields": {
      "user": 24,
      "vehicle_type": "TWO_WHEELER",
      "vehicle_registration_number": "ABJ416",
      "min_capacity": 1,
      "max_capacity": 50,
      "fragile_item_allowed": true,
      "charge_per_km": "1285.54",
      "ratings": null
    }
  },
  {
    "model": "accounts.rider",
    "pk": 23,
    "fields": {
      "user": 25,
      "vehicle_type": "TWO_WHEELER",
      "vehicle_registration_number": "ABJ329",
      "min_capacity": 1,
      "max_capacity": 60,
      "fragile_item_allowed": false,
      "charge_per_km": "1609.53",
      "ratings": null
    }
  },
  {
    "model": "accounts.rider",
    "pk": 24,
    "fields": {
      "user": 26,
      "vehicle_type": "TWO_WHEELER",
      "vehicle_registration_number": "ABJ369",
      "min_capacity": 1,
      "max_capacity": 53,
      "fragile_item_allowed": true,
      "charge_per_km": "1019.16",
      "ratings": null
    }
  },
  {
    "model": "accounts.rider",
    "pk": 25,
    "fields": {
      "user": 28,
      "vehicle_type": "TWO_WHEELER",
      "vehicle_registration_number": "KTU569",
      "min_capacity": 1,
      "max_capacity": 51,
      "fragile_item_allowed": true,
      "charge_per_km": "1049.33",
      "ratings": null
    }
  },
  {
    "model": "accounts.rider",
    "pk": 26,
    "fields": {
      "user": 44,
      "vehicle_type": "TWO_WHEELER",
      "vehicle_registration_number": "",
      "min_capacity": null,
      "max_capacity": null,
      "fragile_item_allowed": true,
      "charge_per_km": null,
      "ratings": null
    }
  },
  {
    "model": "accounts.rider",
    "pk": 27,
    "fields": {
      "user": 47,
      "vehicle_type": "TWO_WHEELER",
      "vehicle_registration_number": "CAD780",
      "min_capacity": 1,
      "max_capacity": 70,
      "fragile_item_allowed": false,
      "charge_per_km": "2500.00",
      "ratings": null
    }
  },
  {
    "model": "accounts.rider",
    "pk": 28,
    "fields": {
      "user": 50,
      "vehicle_type": "TWO_WHEELER",
      "vehicle_registration_number": "LAG239",
      "min_capacity": 1,
      "max_capacity": 70,
      "fragile_item_allowed": false,
      "charge_per_km": "2300.00",
      "ratings": null
    }
  },
  {
    "model": "orders.order",
    "pk": 5,
    "fields": {
      "customer": 13,
      "rider": null,
      "pickup_address": "1, Amudalatu Street, Ikotun, Lagos",
      "pickup_lat": 6.536456,
      "pickup_long": 3.279282,
      "status": "PendingPickup",
      "recipients_name": "Bolaji",
      "recipient_address": "28, Authority Avenue, Ikotun",
      "recipient_lat": 6.543987,
      "recipient_long": 3.278537,
      "recipient_phone_number": "08138149990",
      "order_completion_code": null,
      "parcel_weight": "5.00",
      "parcel_value": "50000.00",
      "fragile": true
    }
  },
  {
    "model": "orders.order",
    "pk": 6,
    "fields": {
      "customer": 13,
      "rider": null,
      "pickup_address": "1, Amudalatu Street, Ikotun, Lagos",
      "pickup_lat": 6.536456,
      "pickup_long": 3.279282,
      "status": "PendingPickup",
      "recipients_name": "Bolaji",
      "recipient_address": "28, Authority Avenue, Ikotun",
      "recipient_lat": 6.543987,
      "recipient_long": 3.278537,
      "recipient_phone_number": "08138149990",
      "order_completion_code": null,
      "parcel_weight": "5.00",
      "parcel_value": "50000.00",
      "fragile": true
    }
  },
  {
    "model": "orders.order",
    "pk": 7,
    "fields": {
      "customer": 13,
      "rider": null,
      "pickup_address": "1, Amudalatu Street, Ikotun, Lagos",
      "pickup_lat": 6.536456,
      "pickup_long": 3.279282,
      "status": "PendingPickup",
      "recipients_name": "Bolaji",
      "recipient_address": "28, Authority Avenue, Ikotun",
      "recipient_lat": 6.543987,
      "recipient_long": 3.278537,
      "recipient_phone_number": "08138149990",
      "order_completion_code": null,
      "parcel_weight": "5.00",
      "parcel_value": "50000.00",
      "fragile": true
    }
  },
  {
    "model": "orders.order",
    "pk": 8,
    "fields": {
      "customer": 13,
      "rider": null,
      "pickup_address": "1, Amudalatu Street, Ikotun, Lagos",
      "pickup_lat": 6.536456,
      "pickup_long": 3.279282,
      "status": "PendingPickup",
      "recipients_name": "Bolaji",
      "recipient_address": "28, Authority Avenue, Ikotun",
      "recipient_lat": 6.643987,
      "recipient_long": 3.378537,
      "recipient_phone_number": "08138149990",
      "order_completion_code": null,
      "parcel_weight": "5.00",
      "parcel_value": "50000.00",
      "fragile": true
    }
  },
  {
    "model": "orders.order",
    "pk": 9,
    "fields": {
      "customer": 13,
      "rider": 4,
      "pickup_address": "1, Amudalatu Street, Ikotun, Lagos",
      "pickup_lat": 6.536456,
      "pickup_long": 3.279282,
      "status": "Waiting for pickup",
      "recipients_name": "Bolaji",
      "recipient_address": "28, Authority Avenue, Ikotun",
      "recipient_lat": 6.643987,
      "recipient_long": 3.378537,
      "recipient_phone_number": "08138149990",
      "order_completion_code": null,
      "parcel_weight": "5.00",
      "parcel_value": "50000.00",
      "fragile": true
      
    }
  }
]
